-- phpMyAdmin SQL Dump
-- version 5.2.1
-- https://www.phpmyadmin.net/
--
-- Host: 127.0.0.1
-- Generation Time: Jul 02, 2023 at 06:39 AM
-- Server version: 10.4.28-MariaDB
-- PHP Version: 8.0.28

SET SQL_MODE = "NO_AUTO_VALUE_ON_ZERO";
START TRANSACTION;
SET time_zone = "+00:00";


/*!40101 SET @OLD_CHARACTER_SET_CLIENT=@@CHARACTER_SET_CLIENT */;
/*!40101 SET @OLD_CHARACTER_SET_RESULTS=@@CHARACTER_SET_RESULTS */;
/*!40101 SET @OLD_COLLATION_CONNECTION=@@COLLATION_CONNECTION */;
/*!40101 SET NAMES utf8mb4 */;

--
-- Database: `chat`
--

-- --------------------------------------------------------

--
-- Table structure for table `accesslogs`
--

CREATE TABLE `accesslogs` (
  `id` int(11) NOT NULL,
  `user_id` int(11) NOT NULL,
  `chat_room_id` int(11) NOT NULL,
  `ip_address` varchar(255) DEFAULT NULL,
  `access_time` datetime DEFAULT NULL,
  `createdAt` datetime NOT NULL,
  `updatedAt` datetime NOT NULL
) ENGINE=InnoDB DEFAULT CHARSET=utf8mb4 COLLATE=utf8mb4_general_ci;

-- --------------------------------------------------------

--
-- Table structure for table `chathistories`
--

CREATE TABLE `chathistories` (
  `id` int(11) NOT NULL,
  `UserId` int(11) NOT NULL,
  `chat_room_id` int(11) NOT NULL,
  `MessageId` int(11) NOT NULL,
  `createdAt` datetime NOT NULL,
  `updatedAt` datetime NOT NULL
) ENGINE=InnoDB DEFAULT CHARSET=utf8mb4 COLLATE=utf8mb4_general_ci;

--
-- Dumping data for table `chathistories`
--

INSERT INTO `chathistories` (`id`, `UserId`, `chat_room_id`, `MessageId`, `createdAt`, `updatedAt`) VALUES
(1, 2, 1, 1, '2023-05-25 20:02:18', '2023-05-25 20:02:18'),
(2, 2, 1, 2, '2023-05-25 20:03:06', '2023-05-25 20:03:06'),
(3, 1, 1, 3, '2023-05-25 20:04:23', '2023-05-25 20:04:23'),
(4, 1, 1, 4, '2023-05-25 20:04:30', '2023-05-25 20:04:30'),
(5, 1, 1, 5, '2023-05-25 20:12:02', '2023-05-25 20:12:02'),
(6, 2, 1, 6, '2023-05-25 20:12:45', '2023-05-25 20:12:45'),
(7, 2, 1, 7, '2023-05-25 20:27:52', '2023-05-25 20:27:52'),
(8, 2, 1, 8, '2023-05-25 20:27:55', '2023-05-25 20:27:55'),
(9, 2, 1, 9, '2023-05-25 20:27:55', '2023-05-25 20:27:55'),
(10, 2, 1, 10, '2023-05-25 20:27:56', '2023-05-25 20:27:56'),
(11, 2, 1, 11, '2023-05-25 20:27:56', '2023-05-25 20:27:56'),
(12, 2, 1, 12, '2023-05-25 20:27:56', '2023-05-25 20:27:56'),
(13, 2, 1, 13, '2023-05-25 20:27:57', '2023-05-25 20:27:57'),
(14, 2, 1, 14, '2023-05-25 20:28:11', '2023-05-25 20:28:11'),
(15, 2, 1, 15, '2023-05-25 20:28:12', '2023-05-25 20:28:12'),
(16, 2, 1, 16, '2023-05-25 20:28:12', '2023-05-25 20:28:12'),
(17, 2, 1, 17, '2023-05-25 20:28:12', '2023-05-25 20:28:12'),
(18, 2, 1, 18, '2023-05-25 20:28:12', '2023-05-25 20:28:12'),
(19, 2, 1, 19, '2023-05-25 20:28:26', '2023-05-25 20:28:26'),
(20, 2, 1, 20, '2023-05-25 20:28:31', '2023-05-25 20:28:31'),
(21, 2, 1, 21, '2023-05-25 20:28:43', '2023-05-25 20:28:43'),
(22, 2, 2, 22, '2023-05-25 21:33:55', '2023-05-25 21:33:55'),
(23, 2, 2, 23, '2023-05-25 21:34:28', '2023-05-25 21:34:28'),
(24, 3, 2, 24, '2023-05-25 21:34:36', '2023-05-25 21:34:36'),
(25, 3, 2, 25, '2023-05-25 21:35:50', '2023-05-25 21:35:50'),
(26, 2, 1, 26, '2023-05-25 21:47:16', '2023-05-25 21:47:16'),
(27, 3, 2, 27, '2023-05-25 21:55:43', '2023-05-25 21:55:43'),
(28, 2, 2, 28, '2023-05-25 21:55:52', '2023-05-25 21:55:52'),
(29, 2, 2, 29, '2023-05-25 22:00:54', '2023-05-25 22:00:54'),
(30, 3, 2, 30, '2023-05-25 22:01:07', '2023-05-25 22:01:07'),
(31, 2, 2, 31, '2023-05-25 22:04:38', '2023-05-25 22:04:38'),
(32, 2, 2, 32, '2023-05-25 22:08:49', '2023-05-25 22:08:49'),
(33, 2, 2, 33, '2023-05-25 22:09:22', '2023-05-25 22:09:22'),
(34, 2, 1, 34, '2023-05-25 22:09:40', '2023-05-25 22:09:40'),
(35, 2, 2, 35, '2023-05-25 22:10:36', '2023-05-25 22:10:36'),
(36, 2, 2, 36, '2023-05-25 22:12:04', '2023-05-25 22:12:04'),
(37, 2, 1, 37, '2023-05-25 22:12:15', '2023-05-25 22:12:15'),
(38, 2, 1, 38, '2023-05-25 22:12:20', '2023-05-25 22:12:20'),
(39, 2, 2, 39, '2023-05-25 22:17:14', '2023-05-25 22:17:14'),
(40, 2, 2, 40, '2023-05-25 22:17:19', '2023-05-25 22:17:19'),
(41, 2, 2, 41, '2023-05-25 22:17:31', '2023-05-25 22:17:31'),
(42, 2, 2, 42, '2023-05-25 22:18:27', '2023-05-25 22:18:27'),
(43, 2, 2, 43, '2023-05-25 22:19:32', '2023-05-25 22:19:32'),
(44, 2, 2, 44, '2023-05-25 22:19:33', '2023-05-25 22:19:33'),
(45, 2, 2, 45, '2023-05-25 22:19:33', '2023-05-25 22:19:33'),
(46, 2, 2, 46, '2023-05-25 22:19:34', '2023-05-25 22:19:34'),
(47, 2, 2, 47, '2023-05-25 22:19:34', '2023-05-25 22:19:34'),
(48, 2, 1, 48, '2023-05-25 22:19:40', '2023-05-25 22:19:40'),
(49, 2, 1, 49, '2023-05-25 22:19:41', '2023-05-25 22:19:41'),
(50, 2, 1, 50, '2023-05-25 22:19:43', '2023-05-25 22:19:43'),
(51, 2, 1, 51, '2023-05-25 22:19:44', '2023-05-25 22:19:44'),
(52, 2, 1, 52, '2023-05-25 22:19:51', '2023-05-25 22:19:51'),
(53, 2, 2, 53, '2023-05-25 22:20:50', '2023-05-25 22:20:50'),
(54, 2, 2, 54, '2023-05-25 22:20:58', '2023-05-25 22:20:58'),
(55, 2, 1, 55, '2023-05-25 22:28:29', '2023-05-25 22:28:29'),
(56, 2, 2, 56, '2023-05-25 22:43:13', '2023-05-25 22:43:13'),
(57, 2, 2, 57, '2023-05-25 22:59:16', '2023-05-25 22:59:16'),
(58, 2, 2, 58, '2023-05-25 22:59:19', '2023-05-25 22:59:19'),
(59, 2, 2, 59, '2023-05-25 23:01:34', '2023-05-25 23:01:34'),
(60, 2, 2, 60, '2023-05-25 23:01:37', '2023-05-25 23:01:37'),
(61, 2, 2, 61, '2023-05-25 23:01:39', '2023-05-25 23:01:39'),
(62, 3, 2, 62, '2023-05-25 23:01:50', '2023-05-25 23:01:50'),
(63, 3, 2, 63, '2023-05-25 23:01:57', '2023-05-25 23:01:57'),
(64, 2, 2, 64, '2023-05-25 23:02:06', '2023-05-25 23:02:06'),
(65, 3, 2, 65, '2023-05-25 23:02:12', '2023-05-25 23:02:12'),
(66, 3, 2, 66, '2023-05-25 23:02:26', '2023-05-25 23:02:26'),
(67, 3, 2, 67, '2023-05-25 23:02:29', '2023-05-25 23:02:29'),
(68, 2, 2, 68, '2023-05-25 23:02:34', '2023-05-25 23:02:34'),
(69, 3, 2, 69, '2023-05-25 23:02:43', '2023-05-25 23:02:43'),
(70, 2, 2, 70, '2023-05-25 23:02:50', '2023-05-25 23:02:50'),
(71, 3, 2, 71, '2023-05-25 23:11:33', '2023-05-25 23:11:33'),
(72, 3, 2, 72, '2023-05-25 23:11:35', '2023-05-25 23:11:35'),
(73, 3, 2, 73, '2023-05-25 23:11:37', '2023-05-25 23:11:37'),
(74, 2, 2, 74, '2023-05-25 23:11:47', '2023-05-25 23:11:47'),
(75, 3, 2, 75, '2023-05-25 23:13:01', '2023-05-25 23:13:01'),
(76, 2, 1, 76, '2023-05-25 23:21:02', '2023-05-25 23:21:02'),
(77, 2, 1, 77, '2023-05-25 23:21:07', '2023-05-25 23:21:07'),
(78, 2, 2, 78, '2023-05-25 23:21:22', '2023-05-25 23:21:22'),
(79, 3, 2, 79, '2023-05-25 23:21:38', '2023-05-25 23:21:38'),
(80, 2, 2, 80, '2023-05-25 23:21:45', '2023-05-25 23:21:45'),
(81, 3, 2, 81, '2023-05-25 23:23:31', '2023-05-25 23:23:31'),
(82, 3, 2, 82, '2023-05-25 23:26:42', '2023-05-25 23:26:42'),
(83, 3, 2, 83, '2023-05-25 23:26:43', '2023-05-25 23:26:43'),
(84, 3, 2, 84, '2023-05-25 23:26:45', '2023-05-25 23:26:45'),
(85, 3, 2, 85, '2023-05-25 23:26:45', '2023-05-25 23:26:45'),
(86, 3, 2, 86, '2023-05-25 23:26:46', '2023-05-25 23:26:46'),
(87, 2, 2, 87, '2023-05-25 23:34:22', '2023-05-25 23:34:22'),
(88, 2, 2, 88, '2023-05-25 23:34:34', '2023-05-25 23:34:34'),
(89, 3, 2, 89, '2023-05-25 23:37:06', '2023-05-25 23:37:06'),
(90, 3, 2, 90, '2023-05-25 23:37:08', '2023-05-25 23:37:08'),
(91, 2, 1, 91, '2023-05-25 23:39:37', '2023-05-25 23:39:37'),
(92, 3, 3, 92, '2023-05-25 23:40:27', '2023-05-25 23:40:27'),
(93, 2, 2, 93, '2023-05-25 23:41:21', '2023-05-25 23:41:21'),
(94, 2, 2, 94, '2023-05-25 23:46:02', '2023-05-25 23:46:02'),
(95, 3, 2, 95, '2023-05-25 23:46:15', '2023-05-25 23:46:15'),
(96, 2, 2, 96, '2023-05-25 23:47:05', '2023-05-25 23:47:05'),
(97, 2, 2, 97, '2023-05-25 23:47:43', '2023-05-25 23:47:43'),
(98, 2, 2, 98, '2023-05-25 23:47:43', '2023-05-25 23:47:43'),
(99, 2, 2, 99, '2023-05-25 23:47:44', '2023-05-25 23:47:44'),
(100, 2, 2, 100, '2023-05-25 23:47:44', '2023-05-25 23:47:44'),
(101, 2, 2, 101, '2023-05-25 23:47:44', '2023-05-25 23:47:44'),
(102, 2, 2, 102, '2023-05-25 23:47:45', '2023-05-25 23:47:45'),
(103, 2, 2, 103, '2023-05-25 23:47:45', '2023-05-25 23:47:45'),
(104, 2, 2, 104, '2023-05-25 23:47:46', '2023-05-25 23:47:46'),
(105, 2, 2, 105, '2023-05-25 23:47:46', '2023-05-25 23:47:46'),
(106, 2, 2, 106, '2023-05-25 23:47:47', '2023-05-25 23:47:47'),
(107, 2, 2, 107, '2023-05-25 23:47:47', '2023-05-25 23:47:47'),
(108, 2, 2, 108, '2023-05-25 23:47:47', '2023-05-25 23:47:47'),
(109, 2, 2, 109, '2023-05-25 23:52:53', '2023-05-25 23:52:53'),
(110, 2, 2, 110, '2023-05-25 23:52:53', '2023-05-25 23:52:53'),
(111, 3, 2, 111, '2023-05-25 23:52:57', '2023-05-25 23:52:57'),
(112, 3, 2, 112, '2023-05-25 23:52:57', '2023-05-25 23:52:57'),
(113, 3, 2, 113, '2023-05-25 23:53:05', '2023-05-25 23:53:05'),
(114, 3, 2, 114, '2023-05-25 23:53:05', '2023-05-25 23:53:05'),
(115, 2, 2, 115, '2023-05-25 23:53:49', '2023-05-25 23:53:49'),
(116, 3, 2, 116, '2023-05-25 23:53:51', '2023-05-25 23:53:51'),
(117, 2, 2, 117, '2023-05-25 23:55:28', '2023-05-25 23:55:28'),
(118, 3, 2, 118, '2023-05-26 00:00:37', '2023-05-26 00:00:37'),
(119, 3, 2, 119, '2023-05-26 00:00:40', '2023-05-26 00:00:40'),
(120, 3, 2, 120, '2023-05-26 00:00:41', '2023-05-26 00:00:41'),
(121, 3, 2, 121, '2023-05-26 00:03:27', '2023-05-26 00:03:27'),
(122, 3, 2, 122, '2023-05-26 00:03:30', '2023-05-26 00:03:30'),
(123, 3, 2, 123, '2023-05-26 00:03:30', '2023-05-26 00:03:30'),
(124, 3, 2, 124, '2023-05-26 00:03:31', '2023-05-26 00:03:31'),
(125, 3, 2, 125, '2023-05-26 00:03:31', '2023-05-26 00:03:31'),
(126, 3, 2, 126, '2023-05-26 00:03:31', '2023-05-26 00:03:31'),
(127, 3, 2, 127, '2023-05-26 00:03:32', '2023-05-26 00:03:32'),
(128, 3, 2, 128, '2023-05-26 00:03:33', '2023-05-26 00:03:33'),
(129, 3, 2, 129, '2023-05-26 00:03:33', '2023-05-26 00:03:33'),
(130, 3, 2, 130, '2023-05-26 00:03:33', '2023-05-26 00:03:33'),
(131, 3, 2, 131, '2023-05-26 00:03:33', '2023-05-26 00:03:33'),
(132, 3, 2, 132, '2023-05-26 00:03:34', '2023-05-26 00:03:34'),
(133, 3, 2, 133, '2023-05-26 00:03:34', '2023-05-26 00:03:34'),
(134, 3, 2, 134, '2023-05-26 00:03:35', '2023-05-26 00:03:35'),
(135, 3, 2, 135, '2023-05-26 00:03:35', '2023-05-26 00:03:35'),
(136, 3, 2, 136, '2023-05-26 00:03:35', '2023-05-26 00:03:35'),
(137, 3, 2, 137, '2023-05-26 00:03:36', '2023-05-26 00:03:36'),
(138, 3, 2, 138, '2023-05-26 00:03:36', '2023-05-26 00:03:36'),
(139, 3, 2, 139, '2023-05-26 00:03:36', '2023-05-26 00:03:36'),
(140, 3, 2, 140, '2023-05-26 00:03:36', '2023-05-26 00:03:36'),
(141, 3, 2, 141, '2023-05-26 00:03:37', '2023-05-26 00:03:37'),
(142, 3, 2, 142, '2023-05-26 00:03:37', '2023-05-26 00:03:37'),
(143, 3, 2, 143, '2023-05-26 00:03:37', '2023-05-26 00:03:37'),
(144, 3, 2, 144, '2023-05-26 00:04:02', '2023-05-26 00:04:02'),
(145, 3, 2, 145, '2023-05-26 00:04:02', '2023-05-26 00:04:02'),
(146, 3, 2, 146, '2023-05-26 00:04:03', '2023-05-26 00:04:03'),
(147, 3, 2, 147, '2023-05-26 00:04:03', '2023-05-26 00:04:03'),
(148, 3, 2, 148, '2023-05-26 00:04:03', '2023-05-26 00:04:03'),
(149, 3, 2, 149, '2023-05-26 00:04:03', '2023-05-26 00:04:03'),
(150, 3, 2, 150, '2023-05-26 00:04:03', '2023-05-26 00:04:03'),
(151, 3, 2, 151, '2023-05-26 00:04:03', '2023-05-26 00:04:03'),
(152, 3, 2, 152, '2023-05-26 00:04:03', '2023-05-26 00:04:03'),
(153, 3, 2, 153, '2023-05-26 00:04:04', '2023-05-26 00:04:04'),
(154, 3, 2, 154, '2023-05-26 00:04:04', '2023-05-26 00:04:04'),
(155, 3, 2, 155, '2023-05-26 00:04:04', '2023-05-26 00:04:04'),
(156, 3, 2, 156, '2023-05-26 00:04:04', '2023-05-26 00:04:04'),
(157, 3, 2, 157, '2023-05-26 00:04:04', '2023-05-26 00:04:04'),
(158, 3, 2, 158, '2023-05-26 00:04:04', '2023-05-26 00:04:04'),
(159, 3, 2, 159, '2023-05-26 00:04:04', '2023-05-26 00:04:04'),
(160, 3, 2, 160, '2023-05-26 00:04:05', '2023-05-26 00:04:05'),
(161, 3, 2, 161, '2023-05-26 00:04:05', '2023-05-26 00:04:05'),
(162, 3, 2, 162, '2023-05-26 00:04:05', '2023-05-26 00:04:05'),
(163, 3, 2, 163, '2023-05-26 00:04:05', '2023-05-26 00:04:05'),
(164, 3, 2, 164, '2023-05-26 00:09:20', '2023-05-26 00:09:20'),
(165, 3, 2, 165, '2023-05-26 00:09:25', '2023-05-26 00:09:25'),
(166, 3, 2, 166, '2023-05-26 00:09:25', '2023-05-26 00:09:25'),
(167, 3, 2, 167, '2023-05-26 00:09:26', '2023-05-26 00:09:26'),
(168, 3, 2, 168, '2023-05-26 00:09:26', '2023-05-26 00:09:26'),
(169, 3, 2, 169, '2023-05-26 00:09:26', '2023-05-26 00:09:26'),
(170, 3, 2, 170, '2023-05-26 00:12:02', '2023-05-26 00:12:02'),
(171, 3, 2, 171, '2023-05-26 00:12:02', '2023-05-26 00:12:02'),
(172, 3, 2, 172, '2023-05-26 00:12:02', '2023-05-26 00:12:02'),
(173, 3, 2, 173, '2023-05-26 00:12:03', '2023-05-26 00:12:03'),
(174, 3, 2, 174, '2023-05-26 00:12:03', '2023-05-26 00:12:03'),
(175, 3, 2, 175, '2023-05-26 00:12:03', '2023-05-26 00:12:03'),
(176, 2, 2, 176, '2023-05-26 00:12:30', '2023-05-26 00:12:30'),
(177, 2, 2, 177, '2023-05-26 00:12:52', '2023-05-26 00:12:52'),
(178, 2, 2, 178, '2023-05-26 00:13:19', '2023-05-26 00:13:19'),
(179, 3, 2, 179, '2023-05-26 00:15:18', '2023-05-26 00:15:18'),
(180, 3, 2, 180, '2023-05-26 00:15:22', '2023-05-26 00:15:22'),
(181, 2, 2, 181, '2023-05-27 18:00:29', '2023-05-27 18:00:29'),
(182, 2, 1, 182, '2023-05-28 12:15:27', '2023-05-28 12:15:27'),
(183, 2, 4, 183, '2023-05-28 12:16:21', '2023-05-28 12:16:21'),
(184, 2, 4, 184, '2023-05-28 12:16:37', '2023-05-28 12:16:37'),
(185, 4, 5, 185, '2023-05-28 12:17:56', '2023-05-28 12:17:56'),
(186, 4, 6, 186, '2023-05-28 12:18:01', '2023-05-28 12:18:01'),
(187, 2, 4, 187, '2023-05-28 12:27:42', '2023-05-28 12:27:42'),
(188, 2, 4, 188, '2023-05-28 12:27:47', '2023-05-28 12:27:47'),
(189, 2, 4, 189, '2023-05-28 12:49:03', '2023-05-28 12:49:03'),
(190, 2, 4, 190, '2023-05-28 12:49:08', '2023-05-28 12:49:08'),
(191, 2, 4, 191, '2023-05-28 12:49:54', '2023-05-28 12:49:54'),
(192, 2, 4, 192, '2023-05-28 12:55:51', '2023-05-28 12:55:51'),
(193, 4, 4, 193, '2023-05-28 12:55:56', '2023-05-28 12:55:56'),
(194, 2, 4, 194, '2023-05-28 12:57:08', '2023-05-28 12:57:08'),
(195, 4, 4, 195, '2023-05-28 13:00:20', '2023-05-28 13:00:20'),
(196, 4, 4, 196, '2023-05-28 13:04:32', '2023-05-28 13:04:32'),
(197, 2, 4, 197, '2023-05-28 13:04:52', '2023-05-28 13:04:52'),
(198, 4, 4, 198, '2023-05-28 13:05:07', '2023-05-28 13:05:07'),
(199, 2, 4, 199, '2023-05-28 13:05:39', '2023-05-28 13:05:39'),
(200, 4, 4, 200, '2023-05-28 13:05:44', '2023-05-28 13:05:44'),
(201, 4, 4, 201, '2023-05-28 13:10:56', '2023-05-28 13:10:56'),
(202, 4, 4, 202, '2023-05-28 13:11:09', '2023-05-28 13:11:09'),
(203, 2, 4, 203, '2023-05-28 13:13:19', '2023-05-28 13:13:19'),
(204, 4, 4, 204, '2023-05-28 13:13:33', '2023-05-28 13:13:33'),
(205, 4, 4, 205, '2023-05-28 13:13:33', '2023-05-28 13:13:33'),
(206, 4, 4, 206, '2023-05-28 13:13:34', '2023-05-28 13:13:34'),
(207, 4, 4, 207, '2023-05-28 13:13:34', '2023-05-28 13:13:34'),
(208, 4, 4, 208, '2023-05-28 13:13:35', '2023-05-28 13:13:35'),
(209, 4, 4, 209, '2023-05-28 13:13:35', '2023-05-28 13:13:35'),
(210, 2, 2, 210, '2023-05-28 22:10:04', '2023-05-28 22:10:04'),
(211, 4, 4, 211, '2023-05-28 22:12:41', '2023-05-28 22:12:41'),
(212, 4, 4, 212, '2023-05-28 22:12:44', '2023-05-28 22:12:44'),
(213, 4, 4, 213, '2023-05-28 22:15:47', '2023-05-28 22:15:47'),
(214, 4, 4, 214, '2023-05-28 22:18:06', '2023-05-28 22:18:06'),
(215, 4, 4, 215, '2023-05-28 22:20:14', '2023-05-28 22:20:14'),
(216, 2, 4, 216, '2023-05-28 22:20:59', '2023-05-28 22:20:59'),
(217, 2, 4, 217, '2023-05-28 22:21:00', '2023-05-28 22:21:00'),
(218, 2, 4, 218, '2023-05-28 22:21:00', '2023-05-28 22:21:00'),
(219, 2, 4, 219, '2023-05-28 22:21:01', '2023-05-28 22:21:01'),
(220, 2, 4, 220, '2023-05-28 22:21:01', '2023-05-28 22:21:01'),
(221, 2, 4, 221, '2023-05-28 22:21:01', '2023-05-28 22:21:01'),
(222, 2, 4, 222, '2023-05-28 22:21:02', '2023-05-28 22:21:02'),
(223, 4, 4, 223, '2023-05-28 22:25:15', '2023-05-28 22:25:15'),
(224, 4, 4, 224, '2023-05-28 22:25:26', '2023-05-28 22:25:26'),
(225, 4, 4, 225, '2023-05-28 22:25:27', '2023-05-28 22:25:27'),
(226, 4, 4, 226, '2023-05-28 22:25:27', '2023-05-28 22:25:27'),
(227, 4, 4, 227, '2023-05-28 22:25:28', '2023-05-28 22:25:28'),
(228, 4, 4, 228, '2023-05-28 22:25:28', '2023-05-28 22:25:28'),
(229, 4, 4, 229, '2023-05-28 22:25:31', '2023-05-28 22:25:31'),
(230, 4, 4, 230, '2023-05-28 22:25:32', '2023-05-28 22:25:32'),
(231, 4, 4, 231, '2023-05-28 22:25:32', '2023-05-28 22:25:32'),
(232, 4, 4, 232, '2023-05-28 22:25:32', '2023-05-28 22:25:32'),
(233, 4, 4, 233, '2023-05-28 22:25:32', '2023-05-28 22:25:32'),
(234, 4, 4, 234, '2023-05-28 22:25:33', '2023-05-28 22:25:33'),
(235, 4, 4, 235, '2023-05-28 22:25:33', '2023-05-28 22:25:33'),
(236, 4, 4, 236, '2023-05-28 22:25:33', '2023-05-28 22:25:33'),
(237, 4, 4, 237, '2023-05-28 22:25:33', '2023-05-28 22:25:33'),
(238, 4, 4, 238, '2023-05-28 22:25:33', '2023-05-28 22:25:33'),
(239, 4, 4, 239, '2023-05-28 22:28:29', '2023-05-28 22:28:29'),
(240, 2, 4, 240, '2023-05-28 22:32:30', '2023-05-28 22:32:30'),
(241, 2, 4, 241, '2023-05-28 22:32:31', '2023-05-28 22:32:31'),
(242, 4, 4, 242, '2023-05-28 22:32:36', '2023-05-28 22:32:36'),
(243, 4, 4, 243, '2023-05-28 22:32:38', '2023-05-28 22:32:38'),
(244, 4, 4, 244, '2023-05-28 22:32:38', '2023-05-28 22:32:38'),
(245, 2, 4, 245, '2023-05-28 22:32:40', '2023-05-28 22:32:40'),
(246, 4, 4, 246, '2023-05-28 22:32:45', '2023-05-28 22:32:45'),
(247, 4, 4, 247, '2023-05-28 22:32:46', '2023-05-28 22:32:46'),
(248, 4, 4, 248, '2023-05-28 22:32:46', '2023-05-28 22:32:46'),
(249, 4, 4, 249, '2023-05-28 22:32:46', '2023-05-28 22:32:46'),
(250, 4, 4, 250, '2023-05-28 22:32:46', '2023-05-28 22:32:46'),
(251, 4, 4, 251, '2023-05-28 22:32:47', '2023-05-28 22:32:47'),
(252, 4, 4, 252, '2023-05-28 22:32:48', '2023-05-28 22:32:48'),
(253, 4, 4, 253, '2023-05-28 22:32:48', '2023-05-28 22:32:48'),
(254, 4, 4, 254, '2023-05-28 22:32:48', '2023-05-28 22:32:48'),
(255, 4, 4, 255, '2023-05-28 22:32:48', '2023-05-28 22:32:48'),
(256, 4, 4, 256, '2023-05-28 22:32:49', '2023-05-28 22:32:49'),
(257, 4, 4, 257, '2023-05-28 22:32:50', '2023-05-28 22:32:50'),
(258, 4, 4, 258, '2023-05-28 22:32:50', '2023-05-28 22:32:50'),
(259, 4, 4, 259, '2023-05-28 22:32:50', '2023-05-28 22:32:50'),
(260, 2, 4, 260, '2023-05-28 22:36:23', '2023-05-28 22:36:23'),
(261, 4, 4, 261, '2023-05-28 22:36:29', '2023-05-28 22:36:29'),
(262, 4, 4, 262, '2023-05-28 22:46:42', '2023-05-28 22:46:42'),
(263, 4, 4, 263, '2023-05-28 22:48:26', '2023-05-28 22:48:26'),
(264, 2, 4, 264, '2023-05-28 22:58:58', '2023-05-28 22:58:58'),
(265, 2, 4, 265, '2023-05-28 22:58:58', '2023-05-28 22:58:58'),
(266, 2, 4, 266, '2023-05-28 22:58:58', '2023-05-28 22:58:58'),
(267, 2, 4, 267, '2023-05-28 22:58:59', '2023-05-28 22:58:59'),
(268, 2, 4, 268, '2023-05-28 22:58:59', '2023-05-28 22:58:59'),
(269, 2, 4, 269, '2023-05-28 22:59:00', '2023-05-28 22:59:00'),
(270, 2, 4, 270, '2023-05-28 22:59:00', '2023-05-28 22:59:00'),
(271, 2, 4, 271, '2023-05-28 22:59:00', '2023-05-28 22:59:00'),
(272, 2, 4, 272, '2023-05-28 22:59:01', '2023-05-28 22:59:01'),
(273, 2, 4, 273, '2023-05-28 22:59:01', '2023-05-28 22:59:01'),
(274, 2, 4, 274, '2023-05-28 22:59:02', '2023-05-28 22:59:02'),
(275, 2, 4, 275, '2023-05-28 22:59:02', '2023-05-28 22:59:02'),
(276, 2, 4, 276, '2023-05-28 22:59:03', '2023-05-28 22:59:03'),
(277, 2, 4, 277, '2023-05-28 22:59:03', '2023-05-28 22:59:03'),
(278, 2, 4, 278, '2023-05-28 22:59:04', '2023-05-28 22:59:04');

-- --------------------------------------------------------

--
-- Table structure for table `chatrooms`
--

CREATE TABLE `chatrooms` (
  `id` int(11) NOT NULL,
  `name` varchar(255) DEFAULT NULL,
  `description` varchar(255) DEFAULT NULL,
  `member_count` int(11) DEFAULT NULL,
  `createdAt` datetime NOT NULL,
  `updatedAt` datetime NOT NULL
) ENGINE=InnoDB DEFAULT CHARSET=utf8mb4 COLLATE=utf8mb4_general_ci;

--
-- Dumping data for table `chatrooms`
--

INSERT INTO `chatrooms` (`id`, `name`, `description`, `member_count`, `createdAt`, `updatedAt`) VALUES
(1, '1_2', 'Vân Vân', 2, '2023-05-25 20:02:18', '2023-05-25 20:02:18'),
(2, '2_3', 'Vân vân nguyễn', 2, '2023-05-25 21:33:55', '2023-05-25 21:33:55'),
(3, '1_3', 'vân nguyễn Vân', 2, '2023-05-25 23:40:27', '2023-05-25 23:40:27'),
(4, '2_4', 'Vân Kim Tuyền', 2, '2023-05-28 12:16:21', '2023-05-28 12:16:21'),
(5, '3_4', 'Kim Tuyền vân nguyễn', 2, '2023-05-28 12:17:56', '2023-05-28 12:17:56'),
(6, '1_4', 'Kim Tuyền Vân', 2, '2023-05-28 12:18:01', '2023-05-28 12:18:01');

-- --------------------------------------------------------

--
-- Table structure for table `messages`
--

CREATE TABLE `messages` (
  `id` int(11) NOT NULL,
  `content` text DEFAULT NULL,
  `sender` varchar(255) DEFAULT NULL,
  `receiver` varchar(255) DEFAULT NULL,
  `id_sender` int(11) DEFAULT NULL,
  `id_receiver` int(11) DEFAULT NULL,
  `sent_at` datetime DEFAULT NULL,
  `createdAt` datetime NOT NULL,
  `updatedAt` datetime NOT NULL
) ENGINE=InnoDB DEFAULT CHARSET=utf8mb4 COLLATE=utf8mb4_general_ci;

--
-- Dumping data for table `messages`
--

INSERT INTO `messages` (`id`, `content`, `sender`, `receiver`, `id_sender`, `id_receiver`, `sent_at`, `createdAt`, `updatedAt`) VALUES
(1, 'hi', 'Vân', 'Vân', 2, 1, '2023-05-25 20:02:18', '2023-05-25 20:02:18', '2023-05-25 20:02:18'),
(2, 'hi', 'Vân', 'Vân', 2, 1, '2023-05-25 20:03:06', '2023-05-25 20:03:06', '2023-05-25 20:03:06'),
(3, 'lô', 'Vân', 'Vân', 1, 2, '2023-05-25 20:04:23', '2023-05-25 20:04:23', '2023-05-25 20:04:23'),
(4, 'lô', 'Vân', 'Vân', 1, 2, '2023-05-25 20:04:30', '2023-05-25 20:04:30', '2023-05-25 20:04:30'),
(5, 'hi', 'Vân', 'Vân', 1, 2, '2023-05-25 20:12:02', '2023-05-25 20:12:02', '2023-05-25 20:12:02'),
(6, 'chài', 'Vân', 'Vân', 2, 1, '2023-05-25 20:12:45', '2023-05-25 20:12:45', '2023-05-25 20:12:45'),
(7, 'a', 'Vân', 'Vân', 2, 1, '2023-05-25 20:27:52', '2023-05-25 20:27:52', '2023-05-25 20:27:52'),
(8, 'â', 'Vân', 'Vân', 2, 1, '2023-05-25 20:27:55', '2023-05-25 20:27:55', '2023-05-25 20:27:55'),
(9, 'a', 'Vân', 'Vân', 2, 1, '2023-05-25 20:27:55', '2023-05-25 20:27:55', '2023-05-25 20:27:55'),
(10, 'a', 'Vân', 'Vân', 2, 1, '2023-05-25 20:27:56', '2023-05-25 20:27:56', '2023-05-25 20:27:56'),
(11, 'â', 'Vân', 'Vân', 2, 1, '2023-05-25 20:27:56', '2023-05-25 20:27:56', '2023-05-25 20:27:56'),
(12, 'a', 'Vân', 'Vân', 2, 1, '2023-05-25 20:27:56', '2023-05-25 20:27:56', '2023-05-25 20:27:56'),
(13, 'a', 'Vân', 'Vân', 2, 1, '2023-05-25 20:27:57', '2023-05-25 20:27:57', '2023-05-25 20:27:57'),
(14, 'a', 'Vân', 'Vân', 2, 1, '2023-05-25 20:28:11', '2023-05-25 20:28:11', '2023-05-25 20:28:11'),
(15, 'a', 'Vân', 'Vân', 2, 1, '2023-05-25 20:28:12', '2023-05-25 20:28:12', '2023-05-25 20:28:12'),
(16, 'a', 'Vân', 'Vân', 2, 1, '2023-05-25 20:28:12', '2023-05-25 20:28:12', '2023-05-25 20:28:12'),
(17, 'a', 'Vân', 'Vân', 2, 1, '2023-05-25 20:28:12', '2023-05-25 20:28:12', '2023-05-25 20:28:12'),
(18, 'a', 'Vân', 'Vân', 2, 1, '2023-05-25 20:28:12', '2023-05-25 20:28:12', '2023-05-25 20:28:12'),
(19, 'a', 'Vân', 'Vân', 2, 1, '2023-05-25 20:28:26', '2023-05-25 20:28:26', '2023-05-25 20:28:26'),
(20, 'van', 'Vân', 'Vân', 2, 1, '2023-05-25 20:28:31', '2023-05-25 20:28:31', '2023-05-25 20:28:31'),
(21, 'tuyen', 'Vân', 'Vân', 2, 1, '2023-05-25 20:28:43', '2023-05-25 20:28:43', '2023-05-25 20:28:43'),
(22, 'hi', 'Vân', 'vân nguyễn', 2, 3, '2023-05-25 21:33:55', '2023-05-25 21:33:55', '2023-05-25 21:33:55'),
(23, 'chào', 'Vân', 'vân nguyễn', 2, 3, '2023-05-25 21:34:28', '2023-05-25 21:34:28', '2023-05-25 21:34:28'),
(24, 'hi', 'vân nguyễn', 'Vân', 3, 2, '2023-05-25 21:34:36', '2023-05-25 21:34:36', '2023-05-25 21:34:36'),
(25, '.', 'vân nguyễn', 'Vân', 3, 2, '2023-05-25 21:35:50', '2023-05-25 21:35:50', '2023-05-25 21:35:50'),
(26, 'a', 'Vân', 'Vân', 2, 1, '2023-05-25 21:47:15', '2023-05-25 21:47:16', '2023-05-25 21:47:16'),
(27, 'chào b', 'vân nguyễn', 'Vân', 3, 2, '2023-05-25 21:55:43', '2023-05-25 21:55:43', '2023-05-25 21:55:43'),
(28, 'ok chào', 'Vân', 'vân nguyễn', 2, 3, '2023-05-25 21:55:52', '2023-05-25 21:55:52', '2023-05-25 21:55:52'),
(29, 'hi b', 'Vân', 'vân nguyễn', 2, 3, '2023-05-25 22:00:54', '2023-05-25 22:00:54', '2023-05-25 22:00:54'),
(30, 'gi đ gì ?', 'vân nguyễn', 'Vân', 3, 2, '2023-05-25 22:01:07', '2023-05-25 22:01:07', '2023-05-25 22:01:07'),
(31, 'chào', 'Vân', 'vân nguyễn', 2, 3, '2023-05-25 22:04:38', '2023-05-25 22:04:38', '2023-05-25 22:04:38'),
(32, 'a', 'Vân', 'vân nguyễn', 2, 3, '2023-05-25 22:08:49', '2023-05-25 22:08:49', '2023-05-25 22:08:49'),
(33, 'hehe', 'Vân', 'vân nguyễn', 2, 3, '2023-05-25 22:09:22', '2023-05-25 22:09:22', '2023-05-25 22:09:22'),
(34, 'hihi', 'Vân', 'Vân', 2, 1, '2023-05-25 22:09:40', '2023-05-25 22:09:40', '2023-05-25 22:09:40'),
(35, 'hi', 'Vân', 'vân nguyễn', 2, 3, '2023-05-25 22:10:36', '2023-05-25 22:10:36', '2023-05-25 22:10:36'),
(36, 'alo', 'Vân', 'vân nguyễn', 2, 3, '2023-05-25 22:12:04', '2023-05-25 22:12:04', '2023-05-25 22:12:04'),
(37, 'hihi', 'Vân', 'Vân', 2, 1, '2023-05-25 22:12:15', '2023-05-25 22:12:15', '2023-05-25 22:12:15'),
(38, 'alolaa', 'Vân', 'Vân', 2, 1, '2023-05-25 22:12:20', '2023-05-25 22:12:20', '2023-05-25 22:12:20'),
(39, 'chào', 'Vân', 'vân nguyễn', 2, 3, '2023-05-25 22:17:14', '2023-05-25 22:17:14', '2023-05-25 22:17:14'),
(40, 'làm gì đó', 'Vân', 'vân nguyễn', 2, 3, '2023-05-25 22:17:19', '2023-05-25 22:17:19', '2023-05-25 22:17:19'),
(41, 'hihi', 'Vân', 'vân nguyễn', 2, 3, '2023-05-25 22:17:31', '2023-05-25 22:17:31', '2023-05-25 22:17:31'),
(42, 'chào thg ngu', 'Vân', 'vân nguyễn', 2, 3, '2023-05-25 22:18:27', '2023-05-25 22:18:27', '2023-05-25 22:18:27'),
(43, 'a', 'Vân', 'vân nguyễn', 2, 3, '2023-05-25 22:19:32', '2023-05-25 22:19:32', '2023-05-25 22:19:32'),
(44, 'a', 'Vân', 'vân nguyễn', 2, 3, '2023-05-25 22:19:33', '2023-05-25 22:19:33', '2023-05-25 22:19:33'),
(45, 'a', 'Vân', 'vân nguyễn', 2, 3, '2023-05-25 22:19:33', '2023-05-25 22:19:33', '2023-05-25 22:19:33'),
(46, 'a', 'Vân', 'vân nguyễn', 2, 3, '2023-05-25 22:19:34', '2023-05-25 22:19:34', '2023-05-25 22:19:34'),
(47, 'a', 'Vân', 'vân nguyễn', 2, 3, '2023-05-25 22:19:34', '2023-05-25 22:19:34', '2023-05-25 22:19:34'),
(48, 'gì', 'Vân', 'Vân', 2, 1, '2023-05-25 22:19:40', '2023-05-25 22:19:40', '2023-05-25 22:19:40'),
(49, 'alo', 'Vân', 'Vân', 2, 1, '2023-05-25 22:19:41', '2023-05-25 22:19:41', '2023-05-25 22:19:41'),
(50, 'đ', 'Vân', 'Vân', 2, 1, '2023-05-25 22:19:43', '2023-05-25 22:19:43', '2023-05-25 22:19:43'),
(51, 'd', 'Vân', 'Vân', 2, 1, '2023-05-25 22:19:44', '2023-05-25 22:19:44', '2023-05-25 22:19:44'),
(52, 'đ', 'Vân', 'Vân', 2, 1, '2023-05-25 22:19:51', '2023-05-25 22:19:51', '2023-05-25 22:19:51'),
(53, 'a', 'Vân', 'vân nguyễn', 2, 3, '2023-05-25 22:20:50', '2023-05-25 22:20:50', '2023-05-25 22:20:50'),
(54, 'a', 'Vân', 'vân nguyễn', 2, 3, '2023-05-25 22:20:58', '2023-05-25 22:20:58', '2023-05-25 22:20:58'),
(55, 'gi vay', 'Vân', 'Vân', 2, 1, '2023-05-25 22:28:29', '2023-05-25 22:28:29', '2023-05-25 22:28:29'),
(56, 'hi', 'Vân', 'vân nguyễn', 2, 3, '2023-05-25 22:43:13', '2023-05-25 22:43:13', '2023-05-25 22:43:13'),
(57, 'hi', 'Vân', 'vân nguyễn', 2, 3, '2023-05-25 22:59:16', '2023-05-25 22:59:16', '2023-05-25 22:59:16'),
(58, 'hehe', 'Vân', 'vân nguyễn', 2, 3, '2023-05-25 22:59:19', '2023-05-25 22:59:19', '2023-05-25 22:59:19'),
(59, 'hi', 'Vân', 'vân nguyễn', 2, 3, '2023-05-25 23:01:34', '2023-05-25 23:01:34', '2023-05-25 23:01:34'),
(60, 'làm gì đó', 'Vân', 'vân nguyễn', 2, 3, '2023-05-25 23:01:37', '2023-05-25 23:01:37', '2023-05-25 23:01:37'),
(61, 'hello', 'Vân', 'vân nguyễn', 2, 3, '2023-05-25 23:01:39', '2023-05-25 23:01:39', '2023-05-25 23:01:39'),
(62, 'chào b', 'vân nguyễn', 'Vân', 3, 2, '2023-05-25 23:01:50', '2023-05-25 23:01:50', '2023-05-25 23:01:50'),
(63, 'chào đ gì', 'vân nguyễn', 'Vân', 3, 2, '2023-05-25 23:01:57', '2023-05-25 23:01:57', '2023-05-25 23:01:57'),
(64, 'hehe', 'Vân', 'vân nguyễn', 2, 3, '2023-05-25 23:02:06', '2023-05-25 23:02:06', '2023-05-25 23:02:06'),
(65, 'hi', 'vân nguyễn', 'Vân', 3, 2, '2023-05-25 23:02:12', '2023-05-25 23:02:12', '2023-05-25 23:02:12'),
(66, 'hehe', 'vân nguyễn', 'Vân', 3, 2, '2023-05-25 23:02:26', '2023-05-25 23:02:26', '2023-05-25 23:02:26'),
(67, 'hihi', 'vân nguyễn', 'Vân', 3, 2, '2023-05-25 23:02:29', '2023-05-25 23:02:29', '2023-05-25 23:02:29'),
(68, '.', 'Vân', 'vân nguyễn', 2, 3, '2023-05-25 23:02:34', '2023-05-25 23:02:34', '2023-05-25 23:02:34'),
(69, 'hihi', 'vân nguyễn', 'Vân', 3, 2, '2023-05-25 23:02:43', '2023-05-25 23:02:43', '2023-05-25 23:02:43'),
(70, 'ccc', 'Vân', 'vân nguyễn', 2, 3, '2023-05-25 23:02:50', '2023-05-25 23:02:50', '2023-05-25 23:02:50'),
(71, 'chào', 'vân nguyễn', 'Vân', 3, 2, '2023-05-25 23:11:33', '2023-05-25 23:11:33', '2023-05-25 23:11:33'),
(72, '?', 'vân nguyễn', 'Vân', 3, 2, '2023-05-25 23:11:35', '2023-05-25 23:11:35', '2023-05-25 23:11:35'),
(73, 'vc', 'vân nguyễn', 'Vân', 3, 2, '2023-05-25 23:11:37', '2023-05-25 23:11:37', '2023-05-25 23:11:37'),
(74, 'gì vậy cha', 'Vân', 'vân nguyễn', 2, 3, '2023-05-25 23:11:47', '2023-05-25 23:11:47', '2023-05-25 23:11:47'),
(75, 'aa', 'vân nguyễn', 'Vân', 3, 2, '2023-05-25 23:13:01', '2023-05-25 23:13:01', '2023-05-25 23:13:01'),
(76, 'hi', 'Vân', 'Vân', 2, 1, '2023-05-25 23:21:02', '2023-05-25 23:21:02', '2023-05-25 23:21:02'),
(77, 'lô', 'Vân', 'Vân', 2, 1, '2023-05-25 23:21:07', '2023-05-25 23:21:07', '2023-05-25 23:21:07'),
(78, 'hi', 'Vân', 'vân nguyễn', 2, 3, '2023-05-25 23:21:22', '2023-05-25 23:21:22', '2023-05-25 23:21:22'),
(79, '...', 'vân nguyễn', 'Vân', 3, 2, '2023-05-25 23:21:38', '2023-05-25 23:21:38', '2023-05-25 23:21:38'),
(80, ',', 'Vân', 'vân nguyễn', 2, 3, '2023-05-25 23:21:45', '2023-05-25 23:21:45', '2023-05-25 23:21:45'),
(81, '?', 'vân nguyễn', 'Vân', 3, 2, '2023-05-25 23:23:31', '2023-05-25 23:23:31', '2023-05-25 23:23:31'),
(82, 'vc', 'vân nguyễn', 'Vân', 3, 2, '2023-05-25 23:26:42', '2023-05-25 23:26:42', '2023-05-25 23:26:42'),
(83, 'vc', 'vân nguyễn', 'Vân', 3, 2, '2023-05-25 23:26:43', '2023-05-25 23:26:43', '2023-05-25 23:26:43'),
(84, '?', 'vân nguyễn', 'Vân', 3, 2, '2023-05-25 23:26:45', '2023-05-25 23:26:45', '2023-05-25 23:26:45'),
(85, '?', 'vân nguyễn', 'Vân', 3, 2, '2023-05-25 23:26:45', '2023-05-25 23:26:45', '2023-05-25 23:26:45'),
(86, '?', 'vân nguyễn', 'Vân', 3, 2, '2023-05-25 23:26:46', '2023-05-25 23:26:46', '2023-05-25 23:26:46'),
(87, 'alo', 'Vân', 'vân nguyễn', 2, 3, '2023-05-25 23:34:22', '2023-05-25 23:34:22', '2023-05-25 23:34:22'),
(88, 'hi', 'Vân', 'vân nguyễn', 2, 3, '2023-05-25 23:34:34', '2023-05-25 23:34:34', '2023-05-25 23:34:34'),
(89, 'a', 'vân nguyễn', 'Vân', 3, 2, '2023-05-25 23:37:06', '2023-05-25 23:37:06', '2023-05-25 23:37:06'),
(90, 'hihi', 'vân nguyễn', 'Vân', 3, 2, '2023-05-25 23:37:08', '2023-05-25 23:37:08', '2023-05-25 23:37:08'),
(91, 'vân nè', 'Vân', 'Vân', 2, 1, '2023-05-25 23:39:37', '2023-05-25 23:39:37', '2023-05-25 23:39:37'),
(92, 'ccc', 'vân nguyễn', 'Vân', 3, 1, '2023-05-25 23:40:27', '2023-05-25 23:40:27', '2023-05-25 23:40:27'),
(93, 'a', 'Vân', 'vân nguyễn', 2, 3, '2023-05-25 23:41:21', '2023-05-25 23:41:21', '2023-05-25 23:41:21'),
(94, 'a', 'Vân', 'vân nguyễn', 2, 3, '2023-05-25 23:46:02', '2023-05-25 23:46:02', '2023-05-25 23:46:02'),
(95, 'cc', 'vân nguyễn', 'Vân', 3, 2, '2023-05-25 23:46:15', '2023-05-25 23:46:15', '2023-05-25 23:46:15'),
(96, 'a', 'Vân', 'vân nguyễn', 2, 3, '2023-05-25 23:47:05', '2023-05-25 23:47:05', '2023-05-25 23:47:05'),
(97, 'aa', 'Vân', 'vân nguyễn', 2, 3, '2023-05-25 23:47:43', '2023-05-25 23:47:43', '2023-05-25 23:47:43'),
(98, 'a', 'Vân', 'vân nguyễn', 2, 3, '2023-05-25 23:47:43', '2023-05-25 23:47:43', '2023-05-25 23:47:43'),
(99, 'a', 'Vân', 'vân nguyễn', 2, 3, '2023-05-25 23:47:44', '2023-05-25 23:47:44', '2023-05-25 23:47:44'),
(100, 'a', 'Vân', 'vân nguyễn', 2, 3, '2023-05-25 23:47:44', '2023-05-25 23:47:44', '2023-05-25 23:47:44'),
(101, 'a', 'Vân', 'vân nguyễn', 2, 3, '2023-05-25 23:47:44', '2023-05-25 23:47:44', '2023-05-25 23:47:44'),
(102, 'a1234', 'Vân', 'vân nguyễn', 2, 3, '2023-05-25 23:47:45', '2023-05-25 23:47:45', '2023-05-25 23:47:45'),
(103, '1324', 'Vân', 'vân nguyễn', 2, 3, '2023-05-25 23:47:45', '2023-05-25 23:47:45', '2023-05-25 23:47:45'),
(104, '12341', 'Vân', 'vân nguyễn', 2, 3, '2023-05-25 23:47:46', '2023-05-25 23:47:46', '2023-05-25 23:47:46'),
(105, '234', 'Vân', 'vân nguyễn', 2, 3, '2023-05-25 23:47:46', '2023-05-25 23:47:46', '2023-05-25 23:47:46'),
(106, '1234', 'Vân', 'vân nguyễn', 2, 3, '2023-05-25 23:47:47', '2023-05-25 23:47:47', '2023-05-25 23:47:47'),
(107, '1324', 'Vân', 'vân nguyễn', 2, 3, '2023-05-25 23:47:47', '2023-05-25 23:47:47', '2023-05-25 23:47:47'),
(108, '123', 'Vân', 'vân nguyễn', 2, 3, '2023-05-25 23:47:47', '2023-05-25 23:47:47', '2023-05-25 23:47:47'),
(109, 'new', 'Vân', 'vân nguyễn', 2, 3, '2023-05-25 23:52:53', '2023-05-25 23:52:53', '2023-05-25 23:52:53'),
(110, 'new', 'Vân', 'vân nguyễn', 2, 3, '2023-05-25 23:52:53', '2023-05-25 23:52:53', '2023-05-25 23:52:53'),
(111, 'new', 'vân nguyễn', 'Vân', 3, 2, '2023-05-25 23:52:57', '2023-05-25 23:52:57', '2023-05-25 23:52:57'),
(112, 'new', 'vân nguyễn', 'Vân', 3, 2, '2023-05-25 23:52:57', '2023-05-25 23:52:57', '2023-05-25 23:52:57'),
(113, 'hehe', 'vân nguyễn', 'Vân', 3, 2, '2023-05-25 23:53:05', '2023-05-25 23:53:05', '2023-05-25 23:53:05'),
(114, 'hehe', 'vân nguyễn', 'Vân', 3, 2, '2023-05-25 23:53:05', '2023-05-25 23:53:05', '2023-05-25 23:53:05'),
(115, '1', 'Vân', 'vân nguyễn', 2, 3, '2023-05-25 23:53:49', '2023-05-25 23:53:49', '2023-05-25 23:53:49'),
(116, '1', 'vân nguyễn', 'Vân', 3, 2, '2023-05-25 23:53:51', '2023-05-25 23:53:51', '2023-05-25 23:53:51'),
(117, 'a', 'Vân', 'vân nguyễn', 2, 3, '2023-05-25 23:55:28', '2023-05-25 23:55:28', '2023-05-25 23:55:28'),
(118, 'a', 'vân nguyễn', 'Vân', 3, 2, '2023-05-26 00:00:37', '2023-05-26 00:00:37', '2023-05-26 00:00:37'),
(119, '1', 'vân nguyễn', 'Vân', 3, 2, '2023-05-26 00:00:40', '2023-05-26 00:00:40', '2023-05-26 00:00:40'),
(120, '1', 'vân nguyễn', 'Vân', 3, 2, '2023-05-26 00:00:41', '2023-05-26 00:00:41', '2023-05-26 00:00:41'),
(121, 'a', 'vân nguyễn', 'Vân', 3, 2, '2023-05-26 00:03:27', '2023-05-26 00:03:27', '2023-05-26 00:03:27'),
(122, 'a', 'vân nguyễn', 'Vân', 3, 2, '2023-05-26 00:03:30', '2023-05-26 00:03:30', '2023-05-26 00:03:30'),
(123, 'a', 'vân nguyễn', 'Vân', 3, 2, '2023-05-26 00:03:30', '2023-05-26 00:03:30', '2023-05-26 00:03:30'),
(124, 'a', 'vân nguyễn', 'Vân', 3, 2, '2023-05-26 00:03:31', '2023-05-26 00:03:31', '2023-05-26 00:03:31'),
(125, 'a', 'vân nguyễn', 'Vân', 3, 2, '2023-05-26 00:03:31', '2023-05-26 00:03:31', '2023-05-26 00:03:31'),
(126, 'a', 'vân nguyễn', 'Vân', 3, 2, '2023-05-26 00:03:31', '2023-05-26 00:03:31', '2023-05-26 00:03:31'),
(127, 'a1', 'vân nguyễn', 'Vân', 3, 2, '2023-05-26 00:03:32', '2023-05-26 00:03:32', '2023-05-26 00:03:32'),
(128, '1234', 'vân nguyễn', 'Vân', 3, 2, '2023-05-26 00:03:33', '2023-05-26 00:03:33', '2023-05-26 00:03:33'),
(129, '1324', 'vân nguyễn', 'Vân', 3, 2, '2023-05-26 00:03:33', '2023-05-26 00:03:33', '2023-05-26 00:03:33'),
(130, '12341', 'vân nguyễn', 'Vân', 3, 2, '2023-05-26 00:03:33', '2023-05-26 00:03:33', '2023-05-26 00:03:33'),
(131, '234', 'vân nguyễn', 'Vân', 3, 2, '2023-05-26 00:03:33', '2023-05-26 00:03:33', '2023-05-26 00:03:33'),
(132, '123412341234', 'vân nguyễn', 'Vân', 3, 2, '2023-05-26 00:03:34', '2023-05-26 00:03:34', '2023-05-26 00:03:34'),
(133, '1234', 'vân nguyễn', 'Vân', 3, 2, '2023-05-26 00:03:34', '2023-05-26 00:03:34', '2023-05-26 00:03:34'),
(134, '13241', 'vân nguyễn', 'Vân', 3, 2, '2023-05-26 00:03:35', '2023-05-26 00:03:35', '2023-05-26 00:03:35'),
(135, '324132', 'vân nguyễn', 'Vân', 3, 2, '2023-05-26 00:03:35', '2023-05-26 00:03:35', '2023-05-26 00:03:35'),
(136, '41324', 'vân nguyễn', 'Vân', 3, 2, '2023-05-26 00:03:35', '2023-05-26 00:03:35', '2023-05-26 00:03:35'),
(137, '1234', 'vân nguyễn', 'Vân', 3, 2, '2023-05-26 00:03:36', '2023-05-26 00:03:36', '2023-05-26 00:03:36'),
(138, '12341', 'vân nguyễn', 'Vân', 3, 2, '2023-05-26 00:03:36', '2023-05-26 00:03:36', '2023-05-26 00:03:36'),
(139, '234132', 'vân nguyễn', 'Vân', 3, 2, '2023-05-26 00:03:36', '2023-05-26 00:03:36', '2023-05-26 00:03:36'),
(140, '41', 'vân nguyễn', 'Vân', 3, 2, '2023-05-26 00:03:36', '2023-05-26 00:03:36', '2023-05-26 00:03:36'),
(141, '32412341324', 'vân nguyễn', 'Vân', 3, 2, '2023-05-26 00:03:37', '2023-05-26 00:03:37', '2023-05-26 00:03:37'),
(142, '132', 'vân nguyễn', 'Vân', 3, 2, '2023-05-26 00:03:37', '2023-05-26 00:03:37', '2023-05-26 00:03:37'),
(143, '4132', 'vân nguyễn', 'Vân', 3, 2, '2023-05-26 00:03:37', '2023-05-26 00:03:37', '2023-05-26 00:03:37'),
(144, 'qwerqwer\\', 'vân nguyễn', 'Vân', 3, 2, '2023-05-26 00:04:02', '2023-05-26 00:04:02', '2023-05-26 00:04:02'),
(145, 'qewr', 'vân nguyễn', 'Vân', 3, 2, '2023-05-26 00:04:02', '2023-05-26 00:04:02', '2023-05-26 00:04:02'),
(146, 'qưer', 'vân nguyễn', 'Vân', 3, 2, '2023-05-26 00:04:03', '2023-05-26 00:04:03', '2023-05-26 00:04:03'),
(147, 'qewr', 'vân nguyễn', 'Vân', 3, 2, '2023-05-26 00:04:03', '2023-05-26 00:04:03', '2023-05-26 00:04:03'),
(148, 'q', 'vân nguyễn', 'Vân', 3, 2, '2023-05-26 00:04:03', '2023-05-26 00:04:03', '2023-05-26 00:04:03'),
(149, 'ewrq', 'vân nguyễn', 'Vân', 3, 2, '2023-05-26 00:04:03', '2023-05-26 00:04:03', '2023-05-26 00:04:03'),
(150, 'ưer', 'vân nguyễn', 'Vân', 3, 2, '2023-05-26 00:04:03', '2023-05-26 00:04:03', '2023-05-26 00:04:03'),
(151, 'q', 'vân nguyễn', 'Vân', 3, 2, '2023-05-26 00:04:03', '2023-05-26 00:04:03', '2023-05-26 00:04:03'),
(152, 'ewr', 'vân nguyễn', 'Vân', 3, 2, '2023-05-26 00:04:03', '2023-05-26 00:04:03', '2023-05-26 00:04:03'),
(153, 'qưe', 'vân nguyễn', 'Vân', 3, 2, '2023-05-26 00:04:04', '2023-05-26 00:04:04', '2023-05-26 00:04:04'),
(154, 'r', 'vân nguyễn', 'Vân', 3, 2, '2023-05-26 00:04:04', '2023-05-26 00:04:04', '2023-05-26 00:04:04'),
(155, 'qưe', 'vân nguyễn', 'Vân', 3, 2, '2023-05-26 00:04:04', '2023-05-26 00:04:04', '2023-05-26 00:04:04'),
(156, 'rq', 'vân nguyễn', 'Vân', 3, 2, '2023-05-26 00:04:04', '2023-05-26 00:04:04', '2023-05-26 00:04:04'),
(157, 'ưer', 'vân nguyễn', 'Vân', 3, 2, '2023-05-26 00:04:04', '2023-05-26 00:04:04', '2023-05-26 00:04:04'),
(158, 'q', 'vân nguyễn', 'Vân', 3, 2, '2023-05-26 00:04:04', '2023-05-26 00:04:04', '2023-05-26 00:04:04'),
(159, 'ewr', 'vân nguyễn', 'Vân', 3, 2, '2023-05-26 00:04:04', '2023-05-26 00:04:04', '2023-05-26 00:04:04'),
(160, 'qewr', 'vân nguyễn', 'Vân', 3, 2, '2023-05-26 00:04:05', '2023-05-26 00:04:05', '2023-05-26 00:04:05'),
(161, 'qưerqw', 'vân nguyễn', 'Vân', 3, 2, '2023-05-26 00:04:05', '2023-05-26 00:04:05', '2023-05-26 00:04:05'),
(162, 'ẻq', 'vân nguyễn', 'Vân', 3, 2, '2023-05-26 00:04:05', '2023-05-26 00:04:05', '2023-05-26 00:04:05'),
(163, 'ưer', 'vân nguyễn', 'Vân', 3, 2, '2023-05-26 00:04:05', '2023-05-26 00:04:05', '2023-05-26 00:04:05'),
(164, 'a', 'vân nguyễn', 'Vân', 3, 2, '2023-05-26 00:09:20', '2023-05-26 00:09:20', '2023-05-26 00:09:20'),
(165, 'ád', 'vân nguyễn', 'Vân', 3, 2, '2023-05-26 00:09:25', '2023-05-26 00:09:25', '2023-05-26 00:09:25'),
(166, 'ád', 'vân nguyễn', 'Vân', 3, 2, '2023-05-26 00:09:25', '2023-05-26 00:09:25', '2023-05-26 00:09:25'),
(167, 'ádas', 'vân nguyễn', 'Vân', 3, 2, '2023-05-26 00:09:26', '2023-05-26 00:09:26', '2023-05-26 00:09:26'),
(168, 'da', 'vân nguyễn', 'Vân', 3, 2, '2023-05-26 00:09:26', '2023-05-26 00:09:26', '2023-05-26 00:09:26'),
(169, 'd', 'vân nguyễn', 'Vân', 3, 2, '2023-05-26 00:09:26', '2023-05-26 00:09:26', '2023-05-26 00:09:26'),
(170, 'a', 'vân nguyễn', 'Vân', 3, 2, '2023-05-26 00:12:02', '2023-05-26 00:12:02', '2023-05-26 00:12:02'),
(171, 'a', 'vân nguyễn', 'Vân', 3, 2, '2023-05-26 00:12:02', '2023-05-26 00:12:02', '2023-05-26 00:12:02'),
(172, 'a', 'vân nguyễn', 'Vân', 3, 2, '2023-05-26 00:12:02', '2023-05-26 00:12:02', '2023-05-26 00:12:02'),
(173, 'a', 'vân nguyễn', 'Vân', 3, 2, '2023-05-26 00:12:03', '2023-05-26 00:12:03', '2023-05-26 00:12:03'),
(174, 'a', 'vân nguyễn', 'Vân', 3, 2, '2023-05-26 00:12:03', '2023-05-26 00:12:03', '2023-05-26 00:12:03'),
(175, 'a', 'vân nguyễn', 'Vân', 3, 2, '2023-05-26 00:12:03', '2023-05-26 00:12:03', '2023-05-26 00:12:03'),
(176, 'a', 'Vân', 'vân nguyễn', 2, 3, '2023-05-26 00:12:30', '2023-05-26 00:12:30', '2023-05-26 00:12:30'),
(177, 'hehe', 'Vân', 'vân nguyễn', 2, 3, '2023-05-26 00:12:52', '2023-05-26 00:12:52', '2023-05-26 00:12:52'),
(178, 'hihi', 'Vân', 'vân nguyễn', 2, 3, '2023-05-26 00:13:19', '2023-05-26 00:13:19', '2023-05-26 00:13:19'),
(179, 'hihi', 'vân nguyễn', 'Vân', 3, 2, '2023-05-26 00:15:18', '2023-05-26 00:15:18', '2023-05-26 00:15:18'),
(180, 'hehe', 'vân nguyễn', 'Vân', 3, 2, '2023-05-26 00:15:22', '2023-05-26 00:15:22', '2023-05-26 00:15:22'),
(181, 'alo', 'Vân', 'vân nguyễn', 2, 3, '2023-05-27 18:00:29', '2023-05-27 18:00:29', '2023-05-27 18:00:29'),
(182, '?', 'Vân', 'Vân', 2, 1, '2023-05-28 12:15:27', '2023-05-28 12:15:27', '2023-05-28 12:15:27'),
(183, 'hi', 'Vân', 'Kim Tuyền', 2, 4, '2023-05-28 12:16:21', '2023-05-28 12:16:21', '2023-05-28 12:16:21'),
(184, 'hehe', 'Vân', 'Kim Tuyền', 2, 4, '2023-05-28 12:16:37', '2023-05-28 12:16:37', '2023-05-28 12:16:37'),
(185, 'a', 'Kim Tuyền', 'vân nguyễn', 4, 3, '2023-05-28 12:17:56', '2023-05-28 12:17:56', '2023-05-28 12:17:56'),
(186, '1', 'Kim Tuyền', 'Vân', 4, 1, '2023-05-28 12:18:01', '2023-05-28 12:18:01', '2023-05-28 12:18:01'),
(187, 'a', 'Vân', 'Kim Tuyền', 2, 4, '2023-05-28 12:27:42', '2023-05-28 12:27:42', '2023-05-28 12:27:42'),
(188, 'b', 'Vân', 'Kim Tuyền', 2, 4, '2023-05-28 12:27:47', '2023-05-28 12:27:47', '2023-05-28 12:27:47'),
(189, 'a', 'Vân', 'Kim Tuyền', 2, 4, '2023-05-28 12:49:03', '2023-05-28 12:49:03', '2023-05-28 12:49:03'),
(190, 'a', 'Vân', 'Kim Tuyền', 2, 4, '2023-05-28 12:49:08', '2023-05-28 12:49:08', '2023-05-28 12:49:08'),
(191, 'aa', 'Vân', 'Kim Tuyền', 2, 4, '2023-05-28 12:49:54', '2023-05-28 12:49:54', '2023-05-28 12:49:54'),
(192, '1212', 'Vân', 'Kim Tuyền', 2, 4, '2023-05-28 12:55:51', '2023-05-28 12:55:51', '2023-05-28 12:55:51'),
(193, '1212', 'Kim Tuyền', 'Vân', 4, 2, '2023-05-28 12:55:56', '2023-05-28 12:55:56', '2023-05-28 12:55:56'),
(194, 'â', 'Vân', 'Kim Tuyền', 2, 4, '2023-05-28 12:57:08', '2023-05-28 12:57:08', '2023-05-28 12:57:08'),
(195, 'hi', 'Kim Tuyền', 'Vân', 4, 2, '2023-05-28 13:00:20', '2023-05-28 13:00:20', '2023-05-28 13:00:20'),
(196, 'a', 'Kim Tuyền', 'Vân', 4, 2, '2023-05-28 13:04:32', '2023-05-28 13:04:32', '2023-05-28 13:04:32'),
(197, 'hi', 'Vân', 'Kim Tuyền', 2, 4, '2023-05-28 13:04:52', '2023-05-28 13:04:52', '2023-05-28 13:04:52'),
(198, 'chào', 'Kim Tuyền', 'Vân', 4, 2, '2023-05-28 13:05:07', '2023-05-28 13:05:07', '2023-05-28 13:05:07'),
(199, 'a', 'Vân', 'Kim Tuyền', 2, 4, '2023-05-28 13:05:39', '2023-05-28 13:05:39', '2023-05-28 13:05:39'),
(200, 'a', 'Kim Tuyền', 'Vân', 4, 2, '2023-05-28 13:05:44', '2023-05-28 13:05:44', '2023-05-28 13:05:44'),
(201, 'van', 'Kim Tuyền', 'Vân', 4, 2, '2023-05-28 13:10:56', '2023-05-28 13:10:56', '2023-05-28 13:10:56'),
(202, 'a', 'Kim Tuyền', 'Vân', 4, 2, '2023-05-28 13:11:09', '2023-05-28 13:11:09', '2023-05-28 13:11:09'),
(203, 'a', 'Vân', 'Kim Tuyền', 2, 4, '2023-05-28 13:13:19', '2023-05-28 13:13:19', '2023-05-28 13:13:19'),
(204, 'a', 'Kim Tuyền', 'Vân', 4, 2, '2023-05-28 13:13:33', '2023-05-28 13:13:33', '2023-05-28 13:13:33'),
(205, 'a', 'Kim Tuyền', 'Vân', 4, 2, '2023-05-28 13:13:33', '2023-05-28 13:13:33', '2023-05-28 13:13:33'),
(206, 'a', 'Kim Tuyền', 'Vân', 4, 2, '2023-05-28 13:13:33', '2023-05-28 13:13:33', '2023-05-28 13:13:33'),
(207, 'a12', 'Kim Tuyền', 'Vân', 4, 2, '2023-05-28 13:13:34', '2023-05-28 13:13:34', '2023-05-28 13:13:34'),
(208, '12', 'Kim Tuyền', 'Vân', 4, 2, '2023-05-28 13:13:35', '2023-05-28 13:13:35', '2023-05-28 13:13:35'),
(209, '12', 'Kim Tuyền', 'Vân', 4, 2, '2023-05-28 13:13:35', '2023-05-28 13:13:35', '2023-05-28 13:13:35'),
(210, 'a', 'Vân', 'vân nguyễn', 2, 3, '2023-05-28 22:10:04', '2023-05-28 22:10:04', '2023-05-28 22:10:04'),
(211, 'hi', 'Kim Tuyền', 'Vân', 4, 2, '2023-05-28 22:12:41', '2023-05-28 22:12:41', '2023-05-28 22:12:41'),
(212, 'a', 'Kim Tuyền', 'Vân', 4, 2, '2023-05-28 22:12:44', '2023-05-28 22:12:44', '2023-05-28 22:12:44'),
(213, 'aa', 'Kim Tuyền', 'Vân', 4, 2, '2023-05-28 22:15:47', '2023-05-28 22:15:47', '2023-05-28 22:15:47'),
(214, '1', 'Kim Tuyền', 'Vân', 4, 2, '2023-05-28 22:18:06', '2023-05-28 22:18:06', '2023-05-28 22:18:06'),
(215, 'sss', 'Kim Tuyền', 'Vân', 4, 2, '2023-05-28 22:20:14', '2023-05-28 22:20:14', '2023-05-28 22:20:14'),
(216, 'â', 'Vân', 'Kim Tuyền', 2, 4, '2023-05-28 22:20:59', '2023-05-28 22:20:59', '2023-05-28 22:20:59'),
(217, 'a', 'Vân', 'Kim Tuyền', 2, 4, '2023-05-28 22:21:00', '2023-05-28 22:21:00', '2023-05-28 22:21:00'),
(218, 'a', 'Vân', 'Kim Tuyền', 2, 4, '2023-05-28 22:21:00', '2023-05-28 22:21:00', '2023-05-28 22:21:00'),
(219, 'a', 'Vân', 'Kim Tuyền', 2, 4, '2023-05-28 22:21:01', '2023-05-28 22:21:01', '2023-05-28 22:21:01'),
(220, 'a', 'Vân', 'Kim Tuyền', 2, 4, '2023-05-28 22:21:01', '2023-05-28 22:21:01', '2023-05-28 22:21:01'),
(221, 'a', 'Vân', 'Kim Tuyền', 2, 4, '2023-05-28 22:21:01', '2023-05-28 22:21:01', '2023-05-28 22:21:01'),
(222, 'a', 'Vân', 'Kim Tuyền', 2, 4, '2023-05-28 22:21:02', '2023-05-28 22:21:02', '2023-05-28 22:21:02'),
(223, '111', 'Kim Tuyền', 'Vân', 4, 2, '2023-05-28 22:25:15', '2023-05-28 22:25:15', '2023-05-28 22:25:15'),
(224, 'aaa', 'Kim Tuyền', 'Vân', 4, 2, '2023-05-28 22:25:26', '2023-05-28 22:25:26', '2023-05-28 22:25:26'),
(225, 'a', 'Kim Tuyền', 'Vân', 4, 2, '2023-05-28 22:25:27', '2023-05-28 22:25:27', '2023-05-28 22:25:27'),
(226, 'a', 'Kim Tuyền', 'Vân', 4, 2, '2023-05-28 22:25:27', '2023-05-28 22:25:27', '2023-05-28 22:25:27'),
(227, 'a', 'Kim Tuyền', 'Vân', 4, 2, '2023-05-28 22:25:28', '2023-05-28 22:25:28', '2023-05-28 22:25:28'),
(228, 'a', 'Kim Tuyền', 'Vân', 4, 2, '2023-05-28 22:25:28', '2023-05-28 22:25:28', '2023-05-28 22:25:28'),
(229, '121234', 'Kim Tuyền', 'Vân', 4, 2, '2023-05-28 22:25:31', '2023-05-28 22:25:31', '2023-05-28 22:25:31'),
(230, '12', 'Kim Tuyền', 'Vân', 4, 2, '2023-05-28 22:25:32', '2023-05-28 22:25:32', '2023-05-28 22:25:32'),
(231, '34', 'Kim Tuyền', 'Vân', 4, 2, '2023-05-28 22:25:32', '2023-05-28 22:25:32', '2023-05-28 22:25:32'),
(232, '1324', 'Kim Tuyền', 'Vân', 4, 2, '2023-05-28 22:25:32', '2023-05-28 22:25:32', '2023-05-28 22:25:32'),
(233, '1234', 'Kim Tuyền', 'Vân', 4, 2, '2023-05-28 22:25:32', '2023-05-28 22:25:32', '2023-05-28 22:25:32'),
(234, '1234', 'Kim Tuyền', 'Vân', 4, 2, '2023-05-28 22:25:32', '2023-05-28 22:25:32', '2023-05-28 22:25:32'),
(235, '12', 'Kim Tuyền', 'Vân', 4, 2, '2023-05-28 22:25:33', '2023-05-28 22:25:33', '2023-05-28 22:25:33'),
(236, '34', 'Kim Tuyền', 'Vân', 4, 2, '2023-05-28 22:25:33', '2023-05-28 22:25:33', '2023-05-28 22:25:33'),
(237, '1324', 'Kim Tuyền', 'Vân', 4, 2, '2023-05-28 22:25:33', '2023-05-28 22:25:33', '2023-05-28 22:25:33'),
(238, '123', 'Kim Tuyền', 'Vân', 4, 2, '2023-05-28 22:25:33', '2023-05-28 22:25:33', '2023-05-28 22:25:33'),
(239, 'a', 'Kim Tuyền', 'Vân', 4, 2, '2023-05-28 22:28:29', '2023-05-28 22:28:29', '2023-05-28 22:28:29'),
(240, 'a', 'Vân', 'Kim Tuyền', 2, 4, '2023-05-28 22:32:30', '2023-05-28 22:32:30', '2023-05-28 22:32:30'),
(241, 'a', 'Vân', 'Kim Tuyền', 2, 4, '2023-05-28 22:32:31', '2023-05-28 22:32:31', '2023-05-28 22:32:31'),
(242, '1', 'Kim Tuyền', 'Vân', 4, 2, '2023-05-28 22:32:36', '2023-05-28 22:32:36', '2023-05-28 22:32:36'),
(243, '1', 'Kim Tuyền', 'Vân', 4, 2, '2023-05-28 22:32:38', '2023-05-28 22:32:38', '2023-05-28 22:32:38'),
(244, '1', 'Kim Tuyền', 'Vân', 4, 2, '2023-05-28 22:32:38', '2023-05-28 22:32:38', '2023-05-28 22:32:38'),
(245, '1', 'Vân', 'Kim Tuyền', 2, 4, '2023-05-28 22:32:40', '2023-05-28 22:32:40', '2023-05-28 22:32:40'),
(246, 'đ', 'Kim Tuyền', 'Vân', 4, 2, '2023-05-28 22:32:45', '2023-05-28 22:32:45', '2023-05-28 22:32:45'),
(247, 'd', 'Kim Tuyền', 'Vân', 4, 2, '2023-05-28 22:32:46', '2023-05-28 22:32:46', '2023-05-28 22:32:46'),
(248, 'd', 'Kim Tuyền', 'Vân', 4, 2, '2023-05-28 22:32:46', '2023-05-28 22:32:46', '2023-05-28 22:32:46'),
(249, 'd', 'Kim Tuyền', 'Vân', 4, 2, '2023-05-28 22:32:46', '2023-05-28 22:32:46', '2023-05-28 22:32:46'),
(250, 'd', 'Kim Tuyền', 'Vân', 4, 2, '2023-05-28 22:32:46', '2023-05-28 22:32:46', '2023-05-28 22:32:46'),
(251, 'd', 'Kim Tuyền', 'Vân', 4, 2, '2023-05-28 22:32:47', '2023-05-28 22:32:47', '2023-05-28 22:32:47'),
(252, '222', 'Kim Tuyền', 'Vân', 4, 2, '2023-05-28 22:32:48', '2023-05-28 22:32:48', '2023-05-28 22:32:48'),
(253, '2', 'Kim Tuyền', 'Vân', 4, 2, '2023-05-28 22:32:48', '2023-05-28 22:32:48', '2023-05-28 22:32:48'),
(254, '2', 'Kim Tuyền', 'Vân', 4, 2, '2023-05-28 22:32:48', '2023-05-28 22:32:48', '2023-05-28 22:32:48'),
(255, '2', 'Kim Tuyền', 'Vân', 4, 2, '2023-05-28 22:32:48', '2023-05-28 22:32:48', '2023-05-28 22:32:48'),
(256, '2', 'Kim Tuyền', 'Vân', 4, 2, '2023-05-28 22:32:49', '2023-05-28 22:32:49', '2023-05-28 22:32:49'),
(257, '22', 'Kim Tuyền', 'Vân', 4, 2, '2023-05-28 22:32:50', '2023-05-28 22:32:50', '2023-05-28 22:32:50'),
(258, '2', 'Kim Tuyền', 'Vân', 4, 2, '2023-05-28 22:32:50', '2023-05-28 22:32:50', '2023-05-28 22:32:50'),
(259, '2', 'Kim Tuyền', 'Vân', 4, 2, '2023-05-28 22:32:50', '2023-05-28 22:32:50', '2023-05-28 22:32:50'),
(260, '1', 'Vân', 'Kim Tuyền', 2, 4, '2023-05-28 22:36:23', '2023-05-28 22:36:23', '2023-05-28 22:36:23'),
(261, 'a', 'Kim Tuyền', 'Vân', 4, 2, '2023-05-28 22:36:29', '2023-05-28 22:36:29', '2023-05-28 22:36:29'),
(262, '1', 'Kim Tuyền', 'Vân', 4, 2, '2023-05-28 22:46:42', '2023-05-28 22:46:42', '2023-05-28 22:46:42'),
(263, 'd', 'Kim Tuyền', 'Vân', 4, 2, '2023-05-28 22:48:26', '2023-05-28 22:48:26', '2023-05-28 22:48:26'),
(264, 'a', 'Vân', 'Kim Tuyền', 2, 4, '2023-05-28 22:58:58', '2023-05-28 22:58:58', '2023-05-28 22:58:58'),
(265, 'a', 'Vân', 'Kim Tuyền', 2, 4, '2023-05-28 22:58:58', '2023-05-28 22:58:58', '2023-05-28 22:58:58'),
(266, 'a', 'Vân', 'Kim Tuyền', 2, 4, '2023-05-28 22:58:58', '2023-05-28 22:58:58', '2023-05-28 22:58:58'),
(267, 'a12341', 'Vân', 'Kim Tuyền', 2, 4, '2023-05-28 22:58:59', '2023-05-28 22:58:59', '2023-05-28 22:58:59'),
(268, '234', 'Vân', 'Kim Tuyền', 2, 4, '2023-05-28 22:58:59', '2023-05-28 22:58:59', '2023-05-28 22:58:59'),
(269, '1324', 'Vân', 'Kim Tuyền', 2, 4, '2023-05-28 22:59:00', '2023-05-28 22:59:00', '2023-05-28 22:59:00'),
(270, '143', 'Vân', 'Kim Tuyền', 2, 4, '2023-05-28 22:59:00', '2023-05-28 22:59:00', '2023-05-28 22:59:00'),
(271, '13241324', 'Vân', 'Kim Tuyền', 2, 4, '2023-05-28 22:59:00', '2023-05-28 22:59:00', '2023-05-28 22:59:00'),
(272, '1', 'Vân', 'Kim Tuyền', 2, 4, '2023-05-28 22:59:01', '2023-05-28 22:59:01', '2023-05-28 22:59:01'),
(273, '23', 'Vân', 'Kim Tuyền', 2, 4, '2023-05-28 22:59:01', '2023-05-28 22:59:01', '2023-05-28 22:59:01'),
(274, '123', 'Vân', 'Kim Tuyền', 2, 4, '2023-05-28 22:59:02', '2023-05-28 22:59:02', '2023-05-28 22:59:02'),
(275, '123', 'Vân', 'Kim Tuyền', 2, 4, '2023-05-28 22:59:02', '2023-05-28 22:59:02', '2023-05-28 22:59:02'),
(276, '123', 'Vân', 'Kim Tuyền', 2, 4, '2023-05-28 22:59:03', '2023-05-28 22:59:03', '2023-05-28 22:59:03'),
(277, '123', 'Vân', 'Kim Tuyền', 2, 4, '2023-05-28 22:59:03', '2023-05-28 22:59:03', '2023-05-28 22:59:03'),
(278, '123', 'Vân', 'Kim Tuyền', 2, 4, '2023-05-28 22:59:04', '2023-05-28 22:59:04', '2023-05-28 22:59:04');

-- --------------------------------------------------------

--
-- Table structure for table `sequelizemeta`
--

CREATE TABLE `sequelizemeta` (
  `name` varchar(255) NOT NULL
) ENGINE=InnoDB DEFAULT CHARSET=utf8 COLLATE=utf8_unicode_ci;

--
-- Dumping data for table `sequelizemeta`
--

INSERT INTO `sequelizemeta` (`name`) VALUES
('20230519151001-create-user.js'),
('20230519151253-create-chat-room.js'),
('20230519151302-create-message.js'),
('20230519151307-create-user-chat-room.js'),
('20230519151311-create-chat-history.js'),
('20230519151316-create-system-account.js'),
('20230519151320-create-access-log.js');

-- --------------------------------------------------------

--
-- Table structure for table `systemaccounts`
--

CREATE TABLE `systemaccounts` (
  `id` int(11) NOT NULL,
  `username` varchar(255) DEFAULT NULL,
  `password` varchar(255) DEFAULT NULL,
  `user_id` int(11) NOT NULL,
  `createdAt` datetime NOT NULL,
  `updatedAt` datetime NOT NULL
) ENGINE=InnoDB DEFAULT CHARSET=utf8mb4 COLLATE=utf8mb4_general_ci;

-- --------------------------------------------------------

--
-- Table structure for table `userchatrooms`
--

CREATE TABLE `userchatrooms` (
  `id` int(11) NOT NULL,
  `UserId` int(11) NOT NULL,
  `ChatRoomId` int(11) NOT NULL,
  `createdAt` datetime NOT NULL,
  `updatedAt` datetime NOT NULL
) ENGINE=InnoDB DEFAULT CHARSET=utf8mb4 COLLATE=utf8mb4_general_ci;

--
-- Dumping data for table `userchatrooms`
--

INSERT INTO `userchatrooms` (`id`, `UserId`, `ChatRoomId`, `createdAt`, `updatedAt`) VALUES
(1, 2, 1, '2023-05-25 20:02:18', '2023-05-25 20:02:18'),
(2, 1, 1, '2023-05-25 20:02:18', '2023-05-25 20:02:18'),
(3, 2, 2, '2023-05-25 21:33:55', '2023-05-25 21:33:55'),
(4, 3, 2, '2023-05-25 21:33:55', '2023-05-25 21:33:55'),
(5, 3, 3, '2023-05-25 23:40:27', '2023-05-25 23:40:27'),
(6, 1, 3, '2023-05-25 23:40:27', '2023-05-25 23:40:27'),
(7, 2, 4, '2023-05-28 12:16:21', '2023-05-28 12:16:21'),
(8, 4, 4, '2023-05-28 12:16:21', '2023-05-28 12:16:21'),
(9, 4, 5, '2023-05-28 12:17:56', '2023-05-28 12:17:56'),
(10, 3, 5, '2023-05-28 12:17:56', '2023-05-28 12:17:56'),
(11, 4, 6, '2023-05-28 12:18:01', '2023-05-28 12:18:01'),
(12, 1, 6, '2023-05-28 12:18:01', '2023-05-28 12:18:01');

-- --------------------------------------------------------

--
-- Table structure for table `users`
--

CREATE TABLE `users` (
  `id` int(11) NOT NULL,
  `googleId` varchar(255) DEFAULT NULL,
  `facebookId` varchar(255) DEFAULT NULL,
  `provider` varchar(255) DEFAULT NULL,
  `providerId` varchar(255) DEFAULT NULL,
  `username` varchar(255) DEFAULT NULL,
  `email` varchar(255) DEFAULT NULL,
  `password` varchar(255) DEFAULT NULL,
  `address` varchar(255) DEFAULT NULL,
  `question` varchar(255) DEFAULT NULL,
  `phone` int(11) DEFAULT NULL,
  `url` varchar(255) DEFAULT NULL,
  `createdAt` datetime NOT NULL,
  `updatedAt` datetime NOT NULL
) ENGINE=InnoDB DEFAULT CHARSET=utf8mb4 COLLATE=utf8mb4_general_ci;

--
-- Dumping data for table `users`
--

INSERT INTO `users` (`id`, `googleId`, `facebookId`, `provider`, `providerId`, `username`, `email`, `password`, `address`, `question`, `phone`, `url`, `createdAt`, `updatedAt`) VALUES
(1, '108811573649365577065', 'NO', 'google', '108811573649365577065', 'Vân', 'nguyenthevann6@gmail.com', 'do_not_save_password_when_login_with_google', '', NULL, NULL, 'https://lh3.googleusercontent.com/a/AAcHTtfImQ4P_XyXddCaBsCpPCCkAHPE-uDRV0quao1LsA=s96-c', '2023-05-25 20:02:06', '2023-05-25 20:02:44'),
(2, '114119019795670635935', 'NO', 'google', '114119019795670635935', 'Vân', 'thevanadd@gmail.com', 'do_not_save_password_when_login_with_google', '', NULL, NULL, 'https://lh3.googleusercontent.com/a/AAcHTtf06uRtcvxy2aj_9xJoZVG8ohpmdJ-5udko4x1YLQ=s96-c', '2023-05-25 20:02:11', '2023-05-25 20:12:34'),
(3, '100067833126175723106', 'NO', 'google', '100067833126175723106', 'vân nguyễn', 'adtiengiang4@gmail.com', 'do_not_save_password_when_login_with_google', '', NULL, NULL, 'https://lh3.googleusercontent.com/a/AAcHTtdRpMIC8Djax6yL86x6HfhbvYDJmeu-vr_8fr76=s96-c', '2023-05-25 21:33:47', '2023-05-25 21:33:59'),
(4, '103731022891205931402', 'NO', 'google', '103731022891205931402', 'Kim Tuyền', 'nguyenthikimtuyen0112001@gmail.com', 'do_not_save_password_when_login_with_google', NULL, NULL, NULL, 'https://lh3.googleusercontent.com/a/AAcHTtciOk_fXLehxPWYYNgE28dAwA6WBj7tPVNTIMsIbw=s96-c', '2023-05-28 12:16:11', '2023-05-28 12:16:11');

--
-- Indexes for dumped tables
--

--
-- Indexes for table `accesslogs`
--
ALTER TABLE `accesslogs`
  ADD PRIMARY KEY (`id`),
  ADD KEY `user_id` (`user_id`),
  ADD KEY `chat_room_id` (`chat_room_id`);

--
-- Indexes for table `chathistories`
--
ALTER TABLE `chathistories`
  ADD PRIMARY KEY (`id`),
  ADD KEY `UserId` (`UserId`),
  ADD KEY `chat_room_id` (`chat_room_id`),
  ADD KEY `MessageId` (`MessageId`);

--
-- Indexes for table `chatrooms`
--
ALTER TABLE `chatrooms`
  ADD PRIMARY KEY (`id`);

--
-- Indexes for table `messages`
--
ALTER TABLE `messages`
  ADD PRIMARY KEY (`id`);

--
-- Indexes for table `sequelizemeta`
--
ALTER TABLE `sequelizemeta`
  ADD PRIMARY KEY (`name`),
  ADD UNIQUE KEY `name` (`name`);

--
-- Indexes for table `systemaccounts`
--
ALTER TABLE `systemaccounts`
  ADD PRIMARY KEY (`id`),
  ADD KEY `user_id` (`user_id`);

--
-- Indexes for table `userchatrooms`
--
ALTER TABLE `userchatrooms`
  ADD PRIMARY KEY (`id`),
  ADD KEY `UserId` (`UserId`),
  ADD KEY `ChatRoomId` (`ChatRoomId`);

--
-- Indexes for table `users`
--
ALTER TABLE `users`
  ADD PRIMARY KEY (`id`);

--
-- AUTO_INCREMENT for dumped tables
--

--
-- AUTO_INCREMENT for table `accesslogs`
--
ALTER TABLE `accesslogs`
  MODIFY `id` int(11) NOT NULL AUTO_INCREMENT;

--
-- AUTO_INCREMENT for table `chathistories`
--
ALTER TABLE `chathistories`
  MODIFY `id` int(11) NOT NULL AUTO_INCREMENT, AUTO_INCREMENT=279;

--
-- AUTO_INCREMENT for table `chatrooms`
--
ALTER TABLE `chatrooms`
  MODIFY `id` int(11) NOT NULL AUTO_INCREMENT, AUTO_INCREMENT=7;

--
-- AUTO_INCREMENT for table `messages`
--
ALTER TABLE `messages`
  MODIFY `id` int(11) NOT NULL AUTO_INCREMENT, AUTO_INCREMENT=279;

--
-- AUTO_INCREMENT for table `systemaccounts`
--
ALTER TABLE `systemaccounts`
  MODIFY `id` int(11) NOT NULL AUTO_INCREMENT;

--
-- AUTO_INCREMENT for table `userchatrooms`
--
ALTER TABLE `userchatrooms`
  MODIFY `id` int(11) NOT NULL AUTO_INCREMENT, AUTO_INCREMENT=13;

--
-- AUTO_INCREMENT for table `users`
--
ALTER TABLE `users`
  MODIFY `id` int(11) NOT NULL AUTO_INCREMENT, AUTO_INCREMENT=5;

--
-- Constraints for dumped tables
--

--
-- Constraints for table `accesslogs`
--
ALTER TABLE `accesslogs`
  ADD CONSTRAINT `accesslogs_ibfk_1` FOREIGN KEY (`user_id`) REFERENCES `users` (`id`),
  ADD CONSTRAINT `accesslogs_ibfk_2` FOREIGN KEY (`chat_room_id`) REFERENCES `chatrooms` (`id`);

--
-- Constraints for table `chathistories`
--
ALTER TABLE `chathistories`
  ADD CONSTRAINT `chathistories_ibfk_1` FOREIGN KEY (`UserId`) REFERENCES `users` (`id`),
  ADD CONSTRAINT `chathistories_ibfk_2` FOREIGN KEY (`chat_room_id`) REFERENCES `chatrooms` (`id`),
  ADD CONSTRAINT `chathistories_ibfk_3` FOREIGN KEY (`MessageId`) REFERENCES `messages` (`id`);

--
-- Constraints for table `systemaccounts`
--
ALTER TABLE `systemaccounts`
  ADD CONSTRAINT `systemaccounts_ibfk_1` FOREIGN KEY (`user_id`) REFERENCES `users` (`id`);

--
-- Constraints for table `userchatrooms`
--
ALTER TABLE `userchatrooms`
  ADD CONSTRAINT `userchatrooms_ibfk_1` FOREIGN KEY (`UserId`) REFERENCES `users` (`id`),
  ADD CONSTRAINT `userchatrooms_ibfk_2` FOREIGN KEY (`ChatRoomId`) REFERENCES `chatrooms` (`id`);
COMMIT;

/*!40101 SET CHARACTER_SET_CLIENT=@OLD_CHARACTER_SET_CLIENT */;
/*!40101 SET CHARACTER_SET_RESULTS=@OLD_CHARACTER_SET_RESULTS */;
/*!40101 SET COLLATION_CONNECTION=@OLD_COLLATION_CONNECTION */;
